[{"id":"6283136394680@s.whatsapp.net","arang":0},{"id":"6283854560561@s.whatsapp.net","arang":0},{"id":"6283873336104@s.whatsapp.net","arang":0},{"id":"6285270424604@s.whatsapp.net","arang":0},{"id":"6283844676163@s.whatsapp.net","arang":0},{"id":"6285600566012@s.whatsapp.net","arang":0},{"id":"6281999275581@s.whatsapp.net","arang":0},{"id":"62895619792393@s.whatsapp.net","arang":0},{"id":"6288262095057@s.whatsapp.net","arang":0},{"id":"6289503417432@s.whatsapp.net","arang":0},{"id":"6281337906876@s.whatsapp.net","arang":0},{"id":"6285703123413@s.whatsapp.net","arang":0},{"id":"6283862522374@s.whatsapp.net","arang":0},{"id":"6285210273504@s.whatsapp.net","arang":0},{"id":"6281330969719@s.whatsapp.net","arang":0},{"id":"6282369345234@s.whatsapp.net","arang":0},{"id":"6288223674569@s.whatsapp.net","arang":0},{"id":"6288229696026@s.whatsapp.net","arang":0},{"id":"6283112180518@s.whatsapp.net","arang":0},{"id":"6283846073290@s.whatsapp.net","arang":0},{"id":"6283808174460@s.whatsapp.net","arang":0},{"id":"6285773557984@s.whatsapp.net","arang":0},{"id":"6287811299733@s.whatsapp.net","arang":0},{"id":"628981614707@s.whatsapp.net","arang":0},{"id":"6283852199353@s.whatsapp.net","arang":0},{"id":"6288902054354@s.whatsapp.net","arang":0},{"id":"6285778238413@s.whatsapp.net","arang":0},{"id":"6285246363101@s.whatsapp.net","arang":0},{"id":"6285764138339@s.whatsapp.net","arang":0},{"id":"6288268319838@s.whatsapp.net","arang":0},{"id":"62895412113213@s.whatsapp.net","arang":0},{"id":"628895650122@s.whatsapp.net","arang":0},{"id":"628973119349@s.whatsapp.net","arang":0},{"id":"6287844332272@s.whatsapp.net","arang":0},{"id":"6285819432572@s.whatsapp.net","arang":0},{"id":"628887693896@s.whatsapp.net","arang":0},{"id":"6285811488649@s.whatsapp.net","arang":0},{"id":"6281395360063@s.whatsapp.net","arang":0},{"id":"62831351603224@s.whatsapp.net","arang":0},{"id":"6285701265667@s.whatsapp.net","arang":0},{"id":"6287762943358@s.whatsapp.net","arang":0},{"id":"62882007239270@s.whatsapp.net","arang":0},{"id":"6285603236964@s.whatsapp.net","arang":0},{"id":"62882007622896@s.whatsapp.net","arang":0},{"id":"6288802114292@s.whatsapp.net","arang":0},{"id":"6283135160322@s.whatsapp.net","arang":0},{"id":"6282235463400@s.whatsapp.net","arang":0},{"id":"6289603911952@s.whatsapp.net","arang":0},{"id":"6285725981365@s.whatsapp.net","arang":0},{"id":"6283119370641@s.whatsapp.net","arang":0},{"id":"6282315560773@s.whatsapp.net","arang":0},{"id":"6288988347630@s.whatsapp.net","arang":0},{"id":"6289507951906@s.whatsapp.net","arang":0},{"id":"6287760225883@s.whatsapp.net","arang":0},{"id":"6281949510166@s.whatsapp.net","arang":0},{"id":"6289647068858@s.whatsapp.net","arang":0},{"id":"62857772685576@s.whatsapp.net","arang":0},{"id":"6285892481153@s.whatsapp.net","arang":0},{"id":"6281802505567@s.whatsapp.net","arang":0},{"id":"62881027516652@s.whatsapp.net","arang":0},{"id":"62838996137736@s.whatsapp.net","arang":0},{"id":"62857365722180@s.whatsapp.net","arang":0},{"id":"62895417918101@s.whatsapp.net","arang":0},{"id":"62856032167656@s.whatsapp.net","arang":0},{"id":"6282285763445@s.whatsapp.net","arang":0},{"id":"62895414328418@s.whatsapp.net","arang":0},{"id":"6281389076810@s.whatsapp.net","arang":0},{"id":"6283823592328@s.whatsapp.net","arang":0},{"id":"6282331528928@s.whatsapp.net","arang":0},{"id":"6289526852857@s.whatsapp.net","arang":0},{"id":"62857757463574@s.whatsapp.net","arang":0},{"id":"6282154270989@s.whatsapp.net","arang":0},{"id":"6283156527901@s.whatsapp.net","arang":0},{"id":"6285888142983@s.whatsapp.net","arang":0},{"id":"6282131961948@s.whatsapp.net","arang":0},{"id":"6283152530758@s.whatsapp.net","arang":0},{"id":"6281997612879@s.whatsapp.net","arang":0},{"id":"6283856869547@s.whatsapp.net","arang":0},{"id":"6281232905775@s.whatsapp.net","arang":0},{"id":"6285971638696@s.whatsapp.net","arang":0},{"id":"6288290723861@s.whatsapp.net","arang":0},{"id":"6283108152924@s.whatsapp.net","arang":0},{"id":"62881022800404@s.whatsapp.net","arang":0},{"id":"6283114383104@s.whatsapp.net","arang":0},{"id":"6281218284768@s.whatsapp.net","arang":0},{"id":"6285174113155@s.whatsapp.net","arang":0},{"id":"62856466415076@s.whatsapp.net","arang":0},{"id":"62858163510299@s.whatsapp.net","arang":0},{"id":"6283827924066@s.whatsapp.net","arang":0},{"id":"62857423820899@s.whatsapp.net","arang":0},{"id":"62858953706885@s.whatsapp.net","arang":0},{"id":"6281351324424@s.whatsapp.net","arang":0},{"id":"6288987046159@s.whatsapp.net","arang":0},{"id":"6281222935532@s.whatsapp.net","arang":0},{"id":"6283879787451@s.whatsapp.net","arang":0},{"id":"6285723241885@s.whatsapp.net","arang":0},{"id":"6289653139256@s.whatsapp.net","arang":0},{"id":"6285764031426@s.whatsapp.net","arang":0},{"id":"6283119440194@s.whatsapp.net","arang":0},{"id":"62857335461531@s.whatsapp.net","arang":0},{"id":"62819399731155@s.whatsapp.net","arang":0},{"id":"62877218401246@s.whatsapp.net","arang":0},{"id":"6283848530758@s.whatsapp.net","arang":0},{"id":"6281234225809@s.whatsapp.net","arang":0},{"id":"6288276361514@s.whatsapp.net","arang":0},{"id":"62815426154072@s.whatsapp.net","arang":0},{"id":"6285693146932@s.whatsapp.net","arang":0},{"id":"62831480756790@s.whatsapp.net","arang":0},{"id":"62858361639923@s.whatsapp.net","arang":0},{"id":"6283153026846@s.whatsapp.net","arang":0},{"id":"6283143129013@s.whatsapp.net","arang":0},{"id":"6288213205946@s.whatsapp.net","arang":0},{"id":"6283856146124@s.whatsapp.net","arang":0},{"id":"6283155691277@s.whatsapp.net","arang":0},{"id":"6288290971724@s.whatsapp.net","arang":0},{"id":"6285700149143@s.whatsapp.net","arang":0},{"id":"6285219242340@s.whatsapp.net","arang":0},{"id":"62882022738378@s.whatsapp.net","arang":0},{"id":"6285693278107@s.whatsapp.net","arang":0},{"id":"6283102772126@s.whatsapp.net","arang":0},{"id":"6289517047124@s.whatsapp.net","arang":0},{"id":"6289601273866@s.whatsapp.net","arang":0},{"id":"6281210892784@s.whatsapp.net","arang":0},{"id":"6281358829638@s.whatsapp.net","arang":0}]